Workbook

Sheet Instructions
A1: Stakeholder Engagement Assessment Matrix — Filled Example
A2: Use stakeholder identifiers rather than personal names where appropriate, restrict sensitive judgments, and follow organizational access policy.
A4: Topic | B4: Guidance
A5: Purpose | B5: Compare current and desired stakeholder engagement states and record evidence, actions, ownership, and review cadence.
A6: C and D | B6: C marks current engagement; D marks desired engagement; C/D means the current and desired states are the same.
A7: Privacy | B7: Use stakeholder identifiers rather than personal names where appropriate, restrict sensitive judgments, and follow organizational access policy.
A8: Allowed states | B8: Unaware, Resistant, Neutral, Supportive, Leading. Organizations may tailor labels when the tailored meanings are documented.
A9: Authority boundary | B9: This is an assessment tool / working artifact, not the formal output of Plan Stakeholder Engagement and not a universal approval record.
A10: Blank versus filled | B10: The blank workbook contains structure, definitions, formulas where useful, and no stakeholder records. The filled workbook uses fictional stakeholder IDs only.
A11: Source | B11: PMI Authorized PMP Exam Prep Learner Handout Lesson 3, July 2026, PDF pages 7, 12, 14, 20–24, and 99–104; matrix example on page 104.
A12: Template disclaimer | B12: Illustrative Atlas resource; adapt it to organizational governance. PMI does not prescribe this form.

Sheet Engagement Matrix
A1: Stakeholder Engagement Assessment Matrix — Engagement Matrix
A2: Text markers communicate state without relying on color. C = current; D = desired; C/D = same state.
A4: Stakeholder ID | B4: Unaware | C4: Resistant | D4: Neutral | E4: Supportive | F4: Leading
A5: ='Stakeholder Detail'!B5 | B5: =IF(AND('Stakeholder Detail'!$D5=B$4,'Stakeholder Detail'!$E5=B$4),"C/D",IF('Stakeholder Detail'!$D5=B$4,"C",IF('Stakeholder Detail'!$E5=B$4,"D",""))) | C5: =IF(AND('Stakeholder Detail'!$D5=C$4,'Stakeholder Detail'!$E5=C$4),"C/D",IF('Stakeholder Detail'!$D5=C$4,"C",IF('Stakeholder Detail'!$E5=C$4,"D",""))) | D5: =IF(AND('Stakeholder Detail'!$D5=D$4,'Stakeholder Detail'!$E5=D$4),"C/D",IF('Stakeholder Detail'!$D5=D$4,"C",IF('Stakeholder Detail'!$E5=D$4,"D",""))) | E5: =IF(AND('Stakeholder Detail'!$D5=E$4,'Stakeholder Detail'!$E5=E$4),"C/D",IF('Stakeholder Detail'!$D5=E$4,"C",IF('Stakeholder Detail'!$E5=E$4,"D",""))) | F5: =IF(AND('Stakeholder Detail'!$D5=F$4,'Stakeholder Detail'!$E5=F$4),"C/D",IF('Stakeholder Detail'!$D5=F$4,"C",IF('Stakeholder Detail'!$E5=F$4,"D","")))
A6: ='Stakeholder Detail'!B6 | B6: =IF(AND('Stakeholder Detail'!$D6=B$4,'Stakeholder Detail'!$E6=B$4),"C/D",IF('Stakeholder Detail'!$D6=B$4,"C",IF('Stakeholder Detail'!$E6=B$4,"D",""))) | C6: =IF(AND('Stakeholder Detail'!$D6=C$4,'Stakeholder Detail'!$E6=C$4),"C/D",IF('Stakeholder Detail'!$D6=C$4,"C",IF('Stakeholder Detail'!$E6=C$4,"D",""))) | D6: =IF(AND('Stakeholder Detail'!$D6=D$4,'Stakeholder Detail'!$E6=D$4),"C/D",IF('Stakeholder Detail'!$D6=D$4,"C",IF('Stakeholder Detail'!$E6=D$4,"D",""))) | E6: =IF(AND('Stakeholder Detail'!$D6=E$4,'Stakeholder Detail'!$E6=E$4),"C/D",IF('Stakeholder Detail'!$D6=E$4,"C",IF('Stakeholder Detail'!$E6=E$4,"D",""))) | F6: =IF(AND('Stakeholder Detail'!$D6=F$4,'Stakeholder Detail'!$E6=F$4),"C/D",IF('Stakeholder Detail'!$D6=F$4,"C",IF('Stakeholder Detail'!$E6=F$4,"D","")))
A7: ='Stakeholder Detail'!B7 | B7: =IF(AND('Stakeholder Detail'!$D7=B$4,'Stakeholder Detail'!$E7=B$4),"C/D",IF('Stakeholder Detail'!$D7=B$4,"C",IF('Stakeholder Detail'!$E7=B$4,"D",""))) | C7: =IF(AND('Stakeholder Detail'!$D7=C$4,'Stakeholder Detail'!$E7=C$4),"C/D",IF('Stakeholder Detail'!$D7=C$4,"C",IF('Stakeholder Detail'!$E7=C$4,"D",""))) | D7: =IF(AND('Stakeholder Detail'!$D7=D$4,'Stakeholder Detail'!$E7=D$4),"C/D",IF('Stakeholder Detail'!$D7=D$4,"C",IF('Stakeholder Detail'!$E7=D$4,"D",""))) | E7: =IF(AND('Stakeholder Detail'!$D7=E$4,'Stakeholder Detail'!$E7=E$4),"C/D",IF('Stakeholder Detail'!$D7=E$4,"C",IF('Stakeholder Detail'!$E7=E$4,"D",""))) | F7: =IF(AND('Stakeholder Detail'!$D7=F$4,'Stakeholder Detail'!$E7=F$4),"C/D",IF('Stakeholder Detail'!$D7=F$4,"C",IF('Stakeholder Detail'!$E7=F$4,"D","")))
A8: ='Stakeholder Detail'!B8 | B8: =IF(AND('Stakeholder Detail'!$D8=B$4,'Stakeholder Detail'!$E8=B$4),"C/D",IF('Stakeholder Detail'!$D8=B$4,"C",IF('Stakeholder Detail'!$E8=B$4,"D",""))) | C8: =IF(AND('Stakeholder Detail'!$D8=C$4,'Stakeholder Detail'!$E8=C$4),"C/D",IF('Stakeholder Detail'!$D8=C$4,"C",IF('Stakeholder Detail'!$E8=C$4,"D",""))) | D8: =IF(AND('Stakeholder Detail'!$D8=D$4,'Stakeholder Detail'!$E8=D$4),"C/D",IF('Stakeholder Detail'!$D8=D$4,"C",IF('Stakeholder Detail'!$E8=D$4,"D",""))) | E8: =IF(AND('Stakeholder Detail'!$D8=E$4,'Stakeholder Detail'!$E8=E$4),"C/D",IF('Stakeholder Detail'!$D8=E$4,"C",IF('Stakeholder Detail'!$E8=E$4,"D",""))) | F8: =IF(AND('Stakeholder Detail'!$D8=F$4,'Stakeholder Detail'!$E8=F$4),"C/D",IF('Stakeholder Detail'!$D8=F$4,"C",IF('Stakeholder Detail'!$E8=F$4,"D","")))
A9: ='Stakeholder Detail'!B9 | B9: =IF(AND('Stakeholder Detail'!$D9=B$4,'Stakeholder Detail'!$E9=B$4),"C/D",IF('Stakeholder Detail'!$D9=B$4,"C",IF('Stakeholder Detail'!$E9=B$4,"D",""))) | C9: =IF(AND('Stakeholder Detail'!$D9=C$4,'Stakeholder Detail'!$E9=C$4),"C/D",IF('Stakeholder Detail'!$D9=C$4,"C",IF('Stakeholder Detail'!$E9=C$4,"D",""))) | D9: =IF(AND('Stakeholder Detail'!$D9=D$4,'Stakeholder Detail'!$E9=D$4),"C/D",IF('Stakeholder Detail'!$D9=D$4,"C",IF('Stakeholder Detail'!$E9=D$4,"D",""))) | E9: =IF(AND('Stakeholder Detail'!$D9=E$4,'Stakeholder Detail'!$E9=E$4),"C/D",IF('Stakeholder Detail'!$D9=E$4,"C",IF('Stakeholder Detail'!$E9=E$4,"D",""))) | F9: =IF(AND('Stakeholder Detail'!$D9=F$4,'Stakeholder Detail'!$E9=F$4),"C/D",IF('Stakeholder Detail'!$D9=F$4,"C",IF('Stakeholder Detail'!$E9=F$4,"D","")))
A10: ='Stakeholder Detail'!B10 | B10: =IF(AND('Stakeholder Detail'!$D10=B$4,'Stakeholder Detail'!$E10=B$4),"C/D",IF('Stakeholder Detail'!$D10=B$4,"C",IF('Stakeholder Detail'!$E10=B$4,"D",""))) | C10: =IF(AND('Stakeholder Detail'!$D10=C$4,'Stakeholder Detail'!$E10=C$4),"C/D",IF('Stakeholder Detail'!$D10=C$4,"C",IF('Stakeholder Detail'!$E10=C$4,"D",""))) | D10: =IF(AND('Stakeholder Detail'!$D10=D$4,'Stakeholder Detail'!$E10=D$4),"C/D",IF('Stakeholder Detail'!$D10=D$4,"C",IF('Stakeholder Detail'!$E10=D$4,"D",""))) | E10: =IF(AND('Stakeholder Detail'!$D10=E$4,'Stakeholder Detail'!$E10=E$4),"C/D",IF('Stakeholder Detail'!$D10=E$4,"C",IF('Stakeholder Detail'!$E10=E$4,"D",""))) | F10: =IF(AND('Stakeholder Detail'!$D10=F$4,'Stakeholder Detail'!$E10=F$4),"C/D",IF('Stakeholder Detail'!$D10=F$4,"C",IF('Stakeholder Detail'!$E10=F$4,"D","")))

Sheet Stakeholder Detail
A1: Stakeholder Engagement Assessment Matrix — Stakeholder Detail
A2: Use stakeholder identifiers rather than personal names where appropriate, restrict sensitive judgments, and follow organizational access policy.
A4: Project | B4: Stakeholder ID | C4: Role or group | D4: Current state | E4: Desired state | F4: Observed evidence | G4: Engagement gap | H4: Recommended engagement action | I4: Owner | J4: Review date | K4: Next review date | L4: Template note
A5: ServiceBridge Modernization | B5: STK-01 | C5: Sponsor | D5: Supportive | E5: Leading | F5: Approves direction and removes funding barriers but delegates most advocacy. | G5: =IF(D5=E5,"No change required",D5&" → "&E5) | H5: Sponsor the next governance briefing and reinforce the service outcome with functional leaders. | I5: Service Modernization Program Manager | J5: 46310 | K5: 46338 | L5: Illustrative Atlas resource; adapt it to organizational governance. PMI does not prescribe this form.
A6: ServiceBridge Modernization | B6: STK-02 | C6: Customer-service director | D6: Leading | E6: Leading | F6: Leads operational design decisions and actively recruits subject-matter participation. | G6: =IF(D6=E6,"No change required",D6&" → "&E6) | H6: Maintain direct decision access and confirm benefit-measure readiness. | I6: Service Modernization Program Manager | J6: 46310 | K6: 46338 | L6: Illustrative Atlas resource; adapt it to organizational governance. PMI does not prescribe this form.
A7: ServiceBridge Modernization | B7: STK-03 | C7: Compliance lead | D7: Neutral | E7: Supportive | F7: Reviews evidence when asked but has not joined release-readiness planning. | G7: =IF(D7=E7,"No change required",D7&" → "&E7) | H7: Schedule an evidence-planning session and agree review checkpoints before the next release gate. | I7: Service Modernization Program Manager | J7: 46310 | K7: 46324 | L7: Illustrative Atlas resource; adapt it to organizational governance. PMI does not prescribe this form.
A8: ServiceBridge Modernization | B8: STK-04 | C8: Support-team representative | D8: Resistant | E8: Supportive | F8: Raises credible concerns about workload, training time, and unresolved support procedures. | G8: =IF(D8=E8,"No change required",D8&" → "&E8) | H8: Run a support-workflow walkthrough, record issues, and co-design the training and escalation path. | I8: Customer-service director | J8: 46310 | K8: 46324 | L8: Illustrative Atlas resource; adapt it to organizational governance. PMI does not prescribe this form.
A9: ServiceBridge Modernization | B9: STK-05 | C9: External implementation seller | D9: Neutral | E9: Supportive | F9: Meets contractual reporting obligations but contributes limited integration-risk insight. | G9: =IF(D9=E9,"No change required",D9&" → "&E9) | H9: Add a joint dependency review and clarify escalation expectations within the agreement. | I9: Service Modernization Program Manager | J9: 46310 | K9: 46331 | L9: Illustrative Atlas resource; adapt it to organizational governance. PMI does not prescribe this form.
A10: ServiceBridge Modernization | B10: STK-06 | C10: Frontline user representative | D10: Unaware | E10: Supportive | F10: Has not yet seen the appointment workflow or the accessibility acceptance approach. | G10: =IF(D10=E10,"No change required",D10&" → "&E10) | H10: Invite the representative to a guided demonstration and capture feedback before backlog refinement. | I10: Product Owner | J10: 46310 | K10: 46324 | L10: Illustrative Atlas resource; adapt it to organizational governance. PMI does not prescribe this form.

Sheet Engagement Actions
A1: Stakeholder Engagement Assessment Matrix — Engagement Actions
A2: Actions implement strategy; the matrix itself does not contain the complete Stakeholder Engagement Plan.
A4: Action ID | B4: Stakeholder ID | C4: Action | D4: Owner | E4: Due date | F4: Status | G4: Evidence of result
A5: EA-001 | B5: STK-01 | C5: Sponsor the next governance briefing and reinforce the service outcome with functional leaders. | D5: Service Modernization Program Manager | E5: 46338 | F5: Not started
A6: EA-002 | B6: STK-02 | C6: Maintain direct decision access and confirm benefit-measure readiness. | D6: Service Modernization Program Manager | E6: 46338 | F6: Not started
A7: EA-003 | B7: STK-03 | C7: Schedule an evidence-planning session and agree review checkpoints before the next release gate. | D7: Service Modernization Program Manager | E7: 46324 | F7: Not started
A8: EA-004 | B8: STK-04 | C8: Run a support-workflow walkthrough, record issues, and co-design the training and escalation path. | D8: Customer-service director | E8: 46324 | F8: Not started
A9: EA-005 | B9: STK-05 | C9: Add a joint dependency review and clarify escalation expectations within the agreement. | D9: Service Modernization Program Manager | E9: 46331 | F9: Not started
A10: EA-006 | B10: STK-06 | C10: Invite the representative to a guided demonstration and capture feedback before backlog refinement. | D10: Product Owner | E10: 46324 | F10: Not started

Sheet Change History
A1: Stakeholder Engagement Assessment Matrix — Change History
A2: Record material reassessments and review dates; do not treat every attitude change as a formal change request.
A4: Version | B4: Change date | C4: Changed by role | D4: Summary | E4: Next review
A5: 1.0 | B5: 46310 | C5: Service Modernization Program Manager | D5: Initial fictional engagement assessment | E5: 46324

Sheet State Definitions
A1: Stakeholder Engagement Assessment Matrix — State Definitions
A2: States describe engagement toward the project or change. Organizations may tailor labels and definitions.
A4: State | B4: Definition | C4: Does not mean
A5: Unaware | B5: The stakeholder does not know about the project or its potential effects. | C5: A measure of low authority or influence
A6: Resistant | B6: The stakeholder knows about the project but opposes it, its effects, or the proposed change. | C6: A measure of low power or bad character
A7: Neutral | B7: The stakeholder is aware but is neither actively supportive nor actively resistant. | C7: A requirement to ignore the stakeholder
A8: Supportive | B8: The stakeholder supports the project or change and may assist its success. | C8: Formal approval authority
A9: Leading | B9: The stakeholder is actively engaged in helping the project succeed and influencing others positively. | C9: Project-management or organizational authority
